{"expires": 1763879108, "value": {"analyst_score": 0.6942591529868187, "recommendationMean": 2.09091, "targetMeanPrice": 137.93549, "target_delta": 0.28947826493409357}}