{"expires": 1763879055, "value": {"analyst_score": 0.7551392797298844, "recommendationMean": 1.68966, "targetMeanPrice": 112.96429, "target_delta": 0.292941398649422}}