{"expires": 1763879010, "value": {"analyst_score": 0.6281778269914772, "recommendationMean": 2.28, "targetMeanPrice": 328.08698, "target_delta": 0.10088913495738543}}