{"expires": 1763628432, "value": {"analyst_score": 0.6243234628951967, "recommendationMean": 2.28, "targetMeanPrice": 328.08698, "target_delta": 0.08161731447598325}}