{"expires": 1763731120, "value": {"analyst_score": 0.6279121791004759, "recommendationMean": 2.28, "targetMeanPrice": 328.08698, "target_delta": 0.09956089550237948}}