{"expires": 1763879059, "value": {"analyst_score": 0.47165717923841866, "recommendationMean": 3.125, "targetMeanPrice": 117.75732, "target_delta": -0.04796410380790679}}