{"expires": 1763879069, "value": {"analyst_score": 0.7246135503833516, "recommendationMean": 1.62963, "targetMeanPrice": 110.0, "target_delta": 0.09529025191675787}}