{"expires": 1763879043, "value": {"analyst_score": 0.6403663132236441, "recommendationMean": 2.0, "targetMeanPrice": 78.09778, "target_delta": -0.04816843388177937}}