{"expires": 1763879120, "value": {"analyst_score": 0.5321320765414024, "recommendationMean": 2.84211, "targetMeanPrice": 64.06667, "target_delta": 0.042242882707011604}}