{"expires": 1763879019, "value": {"analyst_score": 0.6697353436409578, "recommendationMean": 2.03846, "targetMeanPrice": 93.70833, "target_delta": 0.1275217182047889}}