{"expires": 1763766426, "value": {"analyst_score": 0.6712738883495145, "recommendationMean": 2.03846, "targetMeanPrice": 93.54167, "target_delta": 0.1352144417475727}}