{"expires": 1763879037, "value": {"analyst_score": 0.7476022621257319, "recommendationMean": 1.66667, "targetMeanPrice": 112.05263, "target_delta": 0.23801381062865967}}