{"expires": 1763628431, "value": {"analyst_score": 0.5525064718030183, "recommendationMean": 2.61702, "targetMeanPrice": 392.9278, "target_delta": -0.02470264098490867}}