{"expires": 1763879007, "value": {"analyst_score": 0.5583868348206296, "recommendationMean": 2.61702, "targetMeanPrice": 392.9278, "target_delta": 0.004699174103147653}}