{"expires": 1763731119, "value": {"analyst_score": 0.5562820074640082, "recommendationMean": 2.61702, "targetMeanPrice": 392.9278, "target_delta": -0.005824962679958575}}