{"expires": 1763879049, "value": {"analyst_score": 0.6779052500356655, "recommendationMean": 1.92593, "targetMeanPrice": 531.8734, "target_delta": 0.08397375017832745}}