{"expires": 1763879120, "value": {"analyst_score": 0.5893481912828658, "recommendationMean": 2.56, "targetMeanPrice": 63.28571, "target_delta": 0.11674095641432856}}