{"expires": 1763879074, "value": {"analyst_score": 0.7377327, "recommendationMean": 1.7, "targetMeanPrice": 194.18616, "target_delta": 0.2136635}}