{"expires": 1763879079, "value": {"analyst_score": 0.7484937213743857, "recommendationMean": 1.57143, "targetMeanPrice": 1577.65, "target_delta": 0.17104110687192892}}