{"expires": 1763879065, "value": {"analyst_score": 0.6601375671093612, "recommendationMean": 2.09091, "targetMeanPrice": 380.79633, "target_delta": 0.11887033554680625}}