{"expires": 1763879021, "value": {"analyst_score": 0.5712689236305931, "recommendationMean": 2.51724, "targetMeanPrice": 350.86957, "target_delta": -0.005725381847034419}}