{"expires": 1763879063, "value": {"analyst_score": 0.6460456482084691, "recommendationMean": 2.18182, "targetMeanPrice": 137.11765, "target_delta": 0.11659324104234528}}