{"expires": 1763879054, "value": {"analyst_score": 0.559643435980551, "recommendationMean": null, "targetMeanPrice": 40.05, "target_delta": 0.2982171799027551}}