{"expires": 1763879040, "value": {"analyst_score": 0.7987324551222004, "recommendationMean": 1.53571, "targetMeanPrice": 163.86708, "target_delta": 0.3954447756110021}}