{"expires": 1763879029, "value": {"analyst_score": 0.7161325106054763, "recommendationMean": 1.8, "targetMeanPrice": 30.61458, "target_delta": 0.18066255302738143}}