{"expires": 1763879121, "value": {"analyst_score": 0.6245471086956522, "recommendationMean": 2.375, "targetMeanPrice": 106.16667, "target_delta": 0.15398554347826082}}