{"expires": 1763879018, "value": {"analyst_score": 0.5780950107584722, "recommendationMean": 2.45, "targetMeanPrice": 290.8889, "target_delta": -0.02202494620763858}}