{"expires": 1763766425, "value": {"analyst_score": 0.5660644283746556, "recommendationMean": 2.55, "targetMeanPrice": 288.31555, "target_delta": -0.007177858126721777}}