{"expires": 1763879100, "value": {"analyst_score": 0.6062480128017046, "recommendationMean": 2.40909, "targetMeanPrice": 311.5, "target_delta": 0.08805756400852274}}