{"expires": 1763879107, "value": {"analyst_score": 0.5656903964238158, "recommendationMean": 2.70732, "targetMeanPrice": 87.44562, "target_delta": 0.10894198211907934}}