{"expires": 1763879117, "value": {"analyst_score": 0.6133345567530829, "recommendationMean": 2.3, "targetMeanPrice": 107.28188, "target_delta": 0.04167278376541418}}