{"expires": 1763879058, "value": {"analyst_score": 0.5975370285773884, "recommendationMean": 2.30435, "targetMeanPrice": 46.30753, "target_delta": -0.03405235711305794}}