{"expires": 1763879080, "value": {"analyst_score": 0.7319078563297954, "recommendationMean": 1.73684, "targetMeanPrice": 157.60625, "target_delta": 0.2121692816489769}}