{"expires": 1763879053, "value": {"analyst_score": 0.5220933369301322, "recommendationMean": null, "targetMeanPrice": 41.165, "target_delta": 0.11046668465066088}}