{"expires": 1763879113, "value": {"analyst_score": 0.7927154136886736, "recommendationMean": 1.47368, "targetMeanPrice": 21.774, "target_delta": 0.31883706844336757}}