{"expires": 1763879013, "value": {"analyst_score": 0.7384555081458495, "recommendationMean": 1.6, "targetMeanPrice": 58.89583, "target_delta": 0.14227754072924736}}