{"expires": 1763766416, "value": {"analyst_score": 0.7409640392156862, "recommendationMean": 1.6, "targetMeanPrice": 58.89583, "target_delta": 0.1548201960784313}}