{"expires": 1763879030, "value": {"analyst_score": 0.5812882796113052, "recommendationMean": 2.3871, "targetMeanPrice": 319.57153, "target_delta": -0.05323360194347344}}