{"expires": 1763879030, "value": {"analyst_score": 0.7121937064493515, "recommendationMean": 1.73529, "targetMeanPrice": 158.689, "target_delta": 0.1124360322467577}}