{"expires": 1763879068, "value": {"analyst_score": 0.6990790506416766, "recommendationMean": 1.85185, "targetMeanPrice": 245.70833, "target_delta": 0.13428275320838326}}