{"expires": 1763879039, "value": {"analyst_score": 0.7527986073825503, "recommendationMean": 1.71795, "targetMeanPrice": 6210.108, "target_delta": 0.30245553691275173}}