{"expires": 1763879115, "value": {"analyst_score": 0.5040831099195711, "recommendationMean": 3.0, "targetMeanPrice": 38.0615, "target_delta": 0.020415549597855367}}