{"expires": 1763879107, "value": {"analyst_score": 0.5122671764281852, "recommendationMean": 2.92308, "targetMeanPrice": 111.38462, "target_delta": 0.0036458821409262408}}