{"expires": 1763628439, "value": {"analyst_score": 0.5466345995146373, "recommendationMean": 2.75, "targetMeanPrice": 153.95454, "target_delta": 0.04567299757318657}}