{"expires": 1763879027, "value": {"analyst_score": 0.5478589011139205, "recommendationMean": 2.75, "targetMeanPrice": 153.90909, "target_delta": 0.05179450556960281}}