{"expires": 1763879025, "value": {"analyst_score": 0.6238013975270729, "recommendationMean": 2.27027, "targetMeanPrice": 331.53333, "target_delta": 0.07170948763536432}}