{"expires": 1763879058, "value": {"analyst_score": 0.5504430862831858, "recommendationMean": 2.875, "targetMeanPrice": 293.23077, "target_delta": 0.1584654314159292}}