{"expires": 1763879021, "value": {"analyst_score": 0.46532724495326366, "recommendationMean": 3.27273, "targetMeanPrice": 131.28, "target_delta": 0.031183724766318425}}