{"expires": 1763879095, "value": {"analyst_score": 0.4963123644251627, "recommendationMean": null, "targetMeanPrice": 4.525, "target_delta": -0.018438177874186543}}