{"expires": 1763879086, "value": {"analyst_score": 0.7697907265938819, "recommendationMean": 1.77273, "targetMeanPrice": 554.7727, "target_delta": 0.4285011329694097}}