{"expires": 1763879050, "value": {"analyst_score": 0.7043590148405431, "recommendationMean": 2.0, "targetMeanPrice": 241.6665, "target_delta": 0.2717950742027155}}