{"expires": 1763879046, "value": {"analyst_score": 0.6049857190516064, "recommendationMean": 2.47826, "targetMeanPrice": 257.23053, "target_delta": 0.13362359525803177}}