{"expires": 1763879097, "value": {"analyst_score": 0.7600268884405808, "recommendationMean": 2.0625, "targetMeanPrice": 383.93704, "target_delta": 0.5970094422029035}}