{"expires": 1763879056, "value": {"analyst_score": 0.7127533644908375, "recommendationMean": 1.6875, "targetMeanPrice": 934.7857, "target_delta": 0.07939182245418755}}