{"expires": 1763766418, "value": {"analyst_score": 0.7960430589770354, "recommendationMean": 1.40476, "targetMeanPrice": 196.77861, "target_delta": 0.28378529488517734}}