{"expires": 1763879015, "value": {"analyst_score": 0.796750670110508, "recommendationMean": 1.40476, "targetMeanPrice": 196.87036, "target_delta": 0.2873233505525404}}