{"expires": 1763879040, "value": {"analyst_score": 0.48931760078662734, "recommendationMean": null, "targetMeanPrice": 9.6268, "target_delta": -0.05341199606686338}}