{"expires": 1763766428, "value": {"analyst_score": 0.6911946457516339, "recommendationMean": 2.0, "targetMeanPrice": 230.64238, "target_delta": 0.20597322875816995}}