{"expires": 1763879020, "value": {"analyst_score": 0.6834200789393785, "recommendationMean": 2.0, "targetMeanPrice": 230.64238, "target_delta": 0.167100394696893}}