{"expires": 1763879031, "value": {"analyst_score": 0.7089514802431611, "recommendationMean": 1.81818, "targetMeanPrice": 114.33333, "target_delta": 0.15839240121580547}}