{"expires": 1763879020, "value": {"analyst_score": 0.5906193336283746, "recommendationMean": 2.48, "targetMeanPrice": 168.15, "target_delta": 0.06309666814187279}}