{"expires": 1763766428, "value": {"analyst_score": 0.5899092627599244, "recommendationMean": 2.48, "targetMeanPrice": 168.15, "target_delta": 0.05954631379962204}}