{"expires": 1763879116, "value": {"analyst_score": 0.8043076601079022, "recommendationMean": 1.43182, "targetMeanPrice": 211.96829, "target_delta": 0.3454033005395111}}