{"expires": 1763628441, "value": {"analyst_score": 0.7927434796585184, "recommendationMean": 1.66038, "targetMeanPrice": 331.551, "target_delta": 0.4590023982925916}}