{"expires": 1763879025, "value": {"analyst_score": 0.7901672589494079, "recommendationMean": 1.67308, "targetMeanPrice": 330.59183, "target_delta": 0.4556462947470389}}