{"expires": 1763879059, "value": {"analyst_score": 0.6789803220035778, "recommendationMean": 2.0, "targetMeanPrice": 51.2, "target_delta": 0.14490161001788918}}