{"expires": 1763879103, "value": {"analyst_score": 0.6983908659370726, "recommendationMean": 1.81818, "targetMeanPrice": 40.40929, "target_delta": 0.10558932968536257}}