{"expires": 1763879098, "value": {"analyst_score": 0.5729071171269005, "recommendationMean": 2.54167, "targetMeanPrice": 296.1, "target_delta": 0.02078808563450212}}