{"expires": 1763879030, "value": {"analyst_score": 0.6687590533247025, "recommendationMean": 1.97368, "targetMeanPrice": 240.59375, "target_delta": 0.07405526662351289}}