{"expires": 1763879064, "value": {"analyst_score": 0.5668988162162162, "recommendationMean": 2.74074, "targetMeanPrice": 52.72727, "target_delta": 0.14004908108108102}}