{"expires": 1763879014, "value": {"analyst_score": 0.5524244596383596, "recommendationMean": 2.91667, "targetMeanPrice": 185.7619, "target_delta": 0.19962479819179854}}