{"expires": 1763766416, "value": {"analyst_score": 0.543413143279078, "recommendationMean": 2.96, "targetMeanPrice": 184.87955, "target_delta": 0.18706571639538982}}