{"expires": 1763879028, "value": {"analyst_score": 0.7621953605677023, "recommendationMean": 1.6129, "targetMeanPrice": 132.50357, "target_delta": 0.27065180283851165}}