{"expires": 1763628425, "value": {"analyst_score": 0.8205529285024551, "recommendationMean": 1.24138, "targetMeanPrice": 624.8638, "target_delta": 0.2837996425122757}}