{"expires": 1763731119, "value": {"analyst_score": 0.8250073051230065, "recommendationMean": 1.24138, "targetMeanPrice": 624.8638, "target_delta": 0.3060715256150324}}