{"expires": 1763879006, "value": {"analyst_score": 0.8280952110056765, "recommendationMean": 1.24561, "targetMeanPrice": 625.4096, "target_delta": 0.32468355502838253}}