{"expires": 1763879006, "value": {"analyst_score": 0.8173321615841225, "recommendationMean": 1.32836, "targetMeanPrice": 294.1645, "target_delta": 0.3329308079206125}}