{"expires": 1763731118, "value": {"analyst_score": 0.8218541606336925, "recommendationMean": 1.32836, "targetMeanPrice": 294.34213, "target_delta": 0.3555408031684628}}