{"expires": 1763628426, "value": {"analyst_score": 0.8155731447208601, "recommendationMean": 1.32836, "targetMeanPrice": 294.34213, "target_delta": 0.3241357236043007}}