{"expires": 1763879083, "value": {"analyst_score": 0.757536234775004, "recommendationMean": 1.65517, "targetMeanPrice": 965.28, "target_delta": 0.2790586738750199}}