{"expires": 1763879082, "value": {"analyst_score": 0.6891112367099204, "recommendationMean": 1.95833, "targetMeanPrice": 55.63043, "target_delta": 0.16430368354960226}}