{"expires": 1763879032, "value": {"analyst_score": 0.7802989982115178, "recommendationMean": 1.56364, "targetMeanPrice": 111.06275, "target_delta": 0.324224991057589}}