{"expires": 1763879071, "value": {"analyst_score": 0.5293501453747107, "recommendationMean": null, "targetMeanPrice": 386.5238, "target_delta": 0.14675072687355364}}