{"expires": 1763879085, "value": {"analyst_score": 0.722181543859649, "recommendationMean": 1.8, "targetMeanPrice": 69.02174, "target_delta": 0.2109077192982455}}