{"expires": 1763879034, "value": {"analyst_score": 0.4997526315789474, "recommendationMean": 3.0, "targetMeanPrice": 15.1812, "target_delta": -0.00123684210526308}}