{"expires": 1763879091, "value": {"analyst_score": 0.697367048160335, "recommendationMean": 1.86364, "targetMeanPrice": 37.928516, "target_delta": 0.1345652408016752}}