{"expires": 1763879104, "value": {"analyst_score": 0.777396108365138, "recommendationMean": 1.44, "targetMeanPrice": 194.51, "target_delta": 0.21698054182568965}}