{"expires": 1763879105, "value": {"analyst_score": 0.7402546575019988, "recommendationMean": 1.73171, "targetMeanPrice": 281.43756, "target_delta": 0.25005578750999397}}