{"expires": 1763879096, "value": {"analyst_score": 0.6512348946002718, "recommendationMean": 2.09524, "targetMeanPrice": 87.21053, "target_delta": 0.07760447300135918}}