{"expires": 1763879076, "value": {"analyst_score": 0.76717201135442, "recommendationMean": 1.45455, "targetMeanPrice": 232.15369, "target_delta": 0.17677255677210063}}