{"expires": 1763766412, "value": {"analyst_score": 0.7525783748958097, "recommendationMean": 1.64103, "targetMeanPrice": 656.50555, "target_delta": 0.24366437447904823}}