{"expires": 1763628434, "value": {"analyst_score": 0.751686320718034, "recommendationMean": 1.64103, "targetMeanPrice": 656.50555, "target_delta": 0.23920410359016953}}