{"expires": 1763879011, "value": {"analyst_score": 0.7468157257586974, "recommendationMean": 1.64103, "targetMeanPrice": 656.50555, "target_delta": 0.2148511287934863}}