{"expires": 1763879058, "value": {"analyst_score": 0.7357160103220844, "recommendationMean": 1.6875, "targetMeanPrice": 403.77267, "target_delta": 0.19420505161042262}}