{"expires": 1763879017, "value": {"analyst_score": 0.6917226614995156, "recommendationMean": 2.0, "targetMeanPrice": 386.72, "target_delta": 0.2086133074975779}}