{"expires": 1763766423, "value": {"analyst_score": 0.6982634653656031, "recommendationMean": 2.0, "targetMeanPrice": 386.72, "target_delta": 0.24131732682801568}}