{"expires": 1763628435, "value": {"analyst_score": 0.7003654139734303, "recommendationMean": 2.0, "targetMeanPrice": 385.4, "target_delta": 0.25182706986715164}}