{"expires": 1763879044, "value": {"analyst_score": 0.7165944081178413, "recommendationMean": 1.57143, "targetMeanPrice": 202.2381, "target_delta": 0.011544540589206202}}