{"expires": 1763879077, "value": {"analyst_score": 0.5588888196955281, "recommendationMean": 2.46667, "targetMeanPrice": 75.20507, "target_delta": -0.10555340152235956}}