{"expires": 1763879074, "value": {"analyst_score": 0.6711862075172048, "recommendationMean": 2.09524, "targetMeanPrice": 667.2105, "target_delta": 0.1773610375860243}}