{"expires": 1763879041, "value": {"analyst_score": 0.6364488549657286, "recommendationMean": 2.32143, "targetMeanPrice": 1287.2693, "target_delta": 0.17331677482864233}}