{"expires": 1763879035, "value": {"analyst_score": 0.7408423299544343, "recommendationMean": 1.45455, "targetMeanPrice": 158.26315, "target_delta": 0.045124149772171884}}