{"expires": 1763879084, "value": {"analyst_score": 0.8780788177339901, "recommendationMean": 1.0, "targetMeanPrice": 56.45, "target_delta": 0.39039408866995073}}