{"expires": 1763879057, "value": {"analyst_score": 0.701996644710983, "recommendationMean": 1.75, "targetMeanPrice": 900.42474, "target_delta": 0.072483223554915}}