{"expires": 1763879083, "value": {"analyst_score": 0.6639646229551801, "recommendationMean": 2.0, "targetMeanPrice": 80.44, "target_delta": 0.06982311477590106}}