{"expires": 1763879070, "value": {"analyst_score": 0.746505044664736, "recommendationMean": 1.72727, "targetMeanPrice": 229.47368, "target_delta": 0.2779777233236801}}