{"expires": 1763879108, "value": {"analyst_score": 0.6025095309785755, "recommendationMean": 2.2, "targetMeanPrice": 31.519396, "target_delta": -0.08745234510712215}}