{"expires": 1763879032, "value": {"analyst_score": 0.6881270090418448, "recommendationMean": 2.09524, "targetMeanPrice": 180.05882, "target_delta": 0.2620650452092242}}