{"expires": 1763879028, "value": {"analyst_score": 0.7670010660464215, "recommendationMean": 1.52, "targetMeanPrice": 505.6087, "target_delta": 0.22500533023210734}}