{"expires": 1763879117, "value": {"analyst_score": 0.7434490303473724, "recommendationMean": 1.73333, "targetMeanPrice": 199.1852, "target_delta": 0.2672426517368622}}