{"expires": 1763879024, "value": {"analyst_score": 0.6888850820453462, "recommendationMean": 1.8, "targetMeanPrice": 613.57904, "target_delta": 0.04442541022673103}}