{"expires": 1763879051, "value": {"analyst_score": 0.6696701812942205, "recommendationMean": 1.91667, "targetMeanPrice": 130.3, "target_delta": 0.03585340647110267}}