{"expires": 1763766410, "value": {"analyst_score": 0.7606793216319672, "recommendationMean": 1.34884, "targetMeanPrice": 114.075, "target_delta": 0.06502660815983571}}