{"expires": 1763879009, "value": {"analyst_score": 0.7708975339916445, "recommendationMean": 1.35714, "targetMeanPrice": 118.20513, "target_delta": 0.1223426699582226}}