{"expires": 1763879044, "value": {"analyst_score": 0.7803696833611575, "recommendationMean": 1.61538, "targetMeanPrice": 245.0, "target_delta": 0.3633834168057875}}