{"expires": 1763879101, "value": {"analyst_score": 0.7253931149358226, "recommendationMean": 1.69231, "targetMeanPrice": 39.29167, "target_delta": 0.14619807467911325}}