{"expires": 1763879055, "value": {"analyst_score": 0.68537556237698, "recommendationMean": 1.9375, "targetMeanPrice": 482.24, "target_delta": 0.13000281188490023}}