{"expires": 1763879112, "value": {"analyst_score": 0.788797630019574, "recommendationMean": 1.57143, "targetMeanPrice": 231.4, "target_delta": 0.3725606500978706}}