{"expires": 1763879102, "value": {"analyst_score": 0.791277469187675, "recommendationMean": 1.90625, "targetMeanPrice": 146.01968, "target_delta": 0.6360748459383753}}