{"expires": 1763879102, "value": {"analyst_score": 0.6668547006643655, "recommendationMean": 1.9, "targetMeanPrice": 271.92856, "target_delta": 0.009273503321827553}}