{"expires": 1763879096, "value": {"analyst_score": 0.6989834007404228, "recommendationMean": 2.06061, "targetMeanPrice": 240.5, "target_delta": 0.290374503702114}}