{"expires": 1763879098, "value": {"analyst_score": 0.714884103615608, "recommendationMean": 1.89474, "targetMeanPrice": 313.125, "target_delta": 0.24547551807803988}}