{"expires": 1763879037, "value": {"analyst_score": 0.7648856323936848, "recommendationMean": 1.3913, "targetMeanPrice": 254.2, "target_delta": 0.1179031619684243}}