{"expires": 1763879109, "value": {"analyst_score": 0.6258253391122867, "recommendationMean": 2.21429, "targetMeanPrice": 754.8333, "target_delta": 0.039844195561433295}}