{"expires": 1763879023, "value": {"analyst_score": 0.5154872389791183, "recommendationMean": null, "targetMeanPrice": 74.3, "target_delta": 0.0774361948955917}}