{"expires": 1763879047, "value": {"analyst_score": 0.6960877518673438, "recommendationMean": 1.91429, "targetMeanPrice": 273.21875, "target_delta": 0.1661562593367195}}