{"expires": 1763879039, "value": {"analyst_score": 0.7945434902755267, "recommendationMean": 1.34783, "targetMeanPrice": 608.9, "target_delta": 0.2335899513776336}}