{"expires": 1763879025, "value": {"analyst_score": 0.6474642662187697, "recommendationMean": 2.25, "targetMeanPrice": 55.95674, "target_delta": 0.17482133109384843}}