{"expires": 1763879026, "value": {"analyst_score": 0.6688735883717757, "recommendationMean": 2.05556, "targetMeanPrice": 83.2375, "target_delta": 0.13603794185887816}}