{"expires": 1763879090, "value": {"analyst_score": 0.6853396165228113, "recommendationMean": 1.89474, "targetMeanPrice": 35.61111, "target_delta": 0.09775308261405669}}