{"expires": 1763879107, "value": {"analyst_score": 0.6586694806508355, "recommendationMean": 2.09091, "targetMeanPrice": 50.55238, "target_delta": 0.11152990325417772}}