{"expires": 1763879085, "value": {"analyst_score": 0.6989364220546552, "recommendationMean": 1.91304, "targetMeanPrice": 220.54762, "target_delta": 0.17946211027327655}}