{"expires": 1763879048, "value": {"analyst_score": 0.7131876456091164, "recommendationMean": 1.89655, "targetMeanPrice": 410.77332, "target_delta": 0.2383507280455821}}