{"expires": 1763879078, "value": {"analyst_score": 0.6788769257176875, "recommendationMean": 1.81481, "targetMeanPrice": 760.0515, "target_delta": 0.005492128588437698}}