{"expires": 1763879023, "value": {"analyst_score": 0.7123145793268071, "recommendationMean": 1.66667, "targetMeanPrice": 220.13889, "target_delta": 0.06157539663403577}}