{"expires": 1763879090, "value": {"analyst_score": 0.6265199056079955, "recommendationMean": 2.16, "targetMeanPrice": 72.22727, "target_delta": 0.0025995280399777627}}