{"expires": 1763879013, "value": {"analyst_score": 0.6849179208240175, "recommendationMean": 2.0, "targetMeanPrice": 1055.9678, "target_delta": 0.17458960412008756}}