{"expires": 1763766415, "value": {"analyst_score": 0.6864221697321138, "recommendationMean": 2.0, "targetMeanPrice": 1055.9678, "target_delta": 0.18211084866056929}}