{"expires": 1763879103, "value": {"analyst_score": 0.7528635330123796, "recommendationMean": 1.63333, "targetMeanPrice": 360.39285, "target_delta": 0.2393151650618982}}