{"expires": 1763879065, "value": {"analyst_score": 0.7190375477707007, "recommendationMean": 1.975, "targetMeanPrice": 83.30029, "target_delta": 0.3264377388535033}}