{"expires": 1763879081, "value": {"analyst_score": 0.6739550346887535, "recommendationMean": 2.04762, "targetMeanPrice": 400.3889, "target_delta": 0.15549017344376784}}