{"expires": 1763766429, "value": {"analyst_score": 0.5794515445263022, "recommendationMean": 2.52, "targetMeanPrice": 802.5263, "target_delta": 0.03725772263151085}}