{"expires": 1763879021, "value": {"analyst_score": 0.5793630996214617, "recommendationMean": 2.52, "targetMeanPrice": 802.5263, "target_delta": 0.036815498107308525}}