{"expires": 1763731117, "value": {"analyst_score": 0.75247659828986, "recommendationMean": 1.45455, "targetMeanPrice": 319.34888, "target_delta": 0.10329549144930047}}