{"expires": 1763879006, "value": {"analyst_score": 0.7461736369552159, "recommendationMean": 1.45455, "targetMeanPrice": 321.1698, "target_delta": 0.0717806847760795}}