{"expires": 1763628427, "value": {"analyst_score": 0.7489434722599945, "recommendationMean": 1.45455, "targetMeanPrice": 319.34888, "target_delta": 0.08562986129997274}}