{"expires": 1763879050, "value": {"analyst_score": 0.6236199095022624, "recommendationMean": 2.2, "targetMeanPrice": 56.25, "target_delta": 0.01809954751131222}}