{"expires": 1763879008, "value": {"analyst_score": 0.7691936625099979, "recommendationMean": 1.52941, "targetMeanPrice": 341.90668, "target_delta": 0.24302581254998906}}