{"expires": 1763766408, "value": {"analyst_score": 0.7670077288288288, "recommendationMean": 1.52941, "targetMeanPrice": 341.90668, "target_delta": 0.23209614414414412}}