{"expires": 1763879022, "value": {"analyst_score": 0.7277530602937388, "recommendationMean": 1.72222, "targetMeanPrice": 183.25, "target_delta": 0.18043030146869357}}