{"expires": 1763766430, "value": {"analyst_score": 0.7271311824606489, "recommendationMean": 1.72222, "targetMeanPrice": 183.25, "target_delta": 0.17732091230324443}}