{"expires": 1763766424, "value": {"analyst_score": 0.755541347767253, "recommendationMean": 1.36364, "targetMeanPrice": 93.15273, "target_delta": 0.050436738836265205}}