{"expires": 1763879018, "value": {"analyst_score": 0.7501852747252747, "recommendationMean": 1.36364, "targetMeanPrice": 93.15273, "target_delta": 0.023656373626373687}}