{"expires": 1763766409, "value": {"analyst_score": 0.6790368050637885, "recommendationMean": 1.76667, "targetMeanPrice": 1012.1859, "target_delta": -0.029813474681057058}}