{"expires": 1763879009, "value": {"analyst_score": 0.6760320375106161, "recommendationMean": 1.76667, "targetMeanPrice": 1012.1859, "target_delta": -0.044837312446919034}}