{"expires": 1763879084, "value": {"analyst_score": 0.766481024512029, "recommendationMean": 1.52174, "targetMeanPrice": 134.79167, "target_delta": 0.2237101225601453}}