{"expires": 1763879076, "value": {"analyst_score": 0.5862384188750676, "recommendationMean": 2.40741, "targetMeanPrice": 291.92, "target_delta": -0.013250405624661843}}