{"expires": 1763879049, "value": {"analyst_score": 0.7406847471287528, "recommendationMean": 1.7, "targetMeanPrice": 60.96667, "target_delta": 0.2284237356437638}}