{"expires": 1763879047, "value": {"analyst_score": 0.648276442687747, "recommendationMean": 2.125, "targetMeanPrice": 109.81538, "target_delta": 0.0851322134387352}}