{"expires": 1763879073, "value": {"analyst_score": 0.7958192373569584, "recommendationMean": 1.63636, "targetMeanPrice": 276.17072, "target_delta": 0.45636618678479157}}