{"expires": 1763879047, "value": {"analyst_score": 0.647818828503407, "recommendationMean": 2.12, "targetMeanPrice": 525.77783, "target_delta": 0.0790941425170347}}