{"expires": 1763879057, "value": {"analyst_score": 0.7901330074997893, "recommendationMean": 1.5, "targetMeanPrice": 157.31667, "target_delta": 0.32566503749894654}}