{"expires": 1763879033, "value": {"analyst_score": 0.681060291327264, "recommendationMean": 1.91304, "targetMeanPrice": 91.0, "target_delta": 0.09008145663632003}}