{"expires": 1763879077, "value": {"analyst_score": 0.7469499643849079, "recommendationMean": 1.56863, "targetMeanPrice": 271.76086, "target_delta": 0.1612223219245395}}