{"expires": 1763879094, "value": {"analyst_score": 0.6810353652968035, "recommendationMean": 1.96154, "targetMeanPrice": 246.66667, "target_delta": 0.1263318264840183}}