{"expires": 1763879071, "value": {"analyst_score": 0.7554649015998693, "recommendationMean": 1.73077, "targetMeanPrice": 162.375, "target_delta": 0.32540200799934693}}