{"expires": 1763879116, "value": {"analyst_score": 0.6055337426317975, "recommendationMean": 2.35714, "targetMeanPrice": 201.49333, "target_delta": 0.04552371315898707}}