{"expires": 1763628437, "value": {"analyst_score": 0.7246790988741166, "recommendationMean": 1.81081, "targetMeanPrice": 411.27274, "target_delta": 0.2315029943705834}}