{"expires": 1763879015, "value": {"analyst_score": 0.7065555450308749, "recommendationMean": 1.86486, "targetMeanPrice": 405.60605, "target_delta": 0.1814227251543749}}