{"expires": 1763766419, "value": {"analyst_score": 0.7159919519224983, "recommendationMean": 1.86486, "targetMeanPrice": 408.36365, "target_delta": 0.22860475961249177}}