{"expires": 1763879066, "value": {"analyst_score": 0.6437925956086715, "recommendationMean": 2.21053, "targetMeanPrice": 40.54444, "target_delta": 0.12686047804335757}}