{"expires": 1763879116, "value": {"analyst_score": 0.6501623035516093, "recommendationMean": 2.07143, "targetMeanPrice": 57.0, "target_delta": 0.05438401775804657}}