{"expires": 1763879032, "value": {"analyst_score": 0.6390710826699326, "recommendationMean": 2.30556, "targetMeanPrice": 191.8, "target_delta": 0.17452541334966318}}