{"expires": 1763879087, "value": {"analyst_score": 0.7169112897363905, "recommendationMean": 1.78571, "targetMeanPrice": 150.50963, "target_delta": 0.1738389486819528}}