{"expires": 1763879052, "value": {"analyst_score": 0.5170803921568627, "recommendationMean": null, "targetMeanPrice": 22.1422, "target_delta": 0.08540196078431375}}