{"expires": 1763879102, "value": {"analyst_score": 0.7496955721325524, "recommendationMean": 1.63333, "targetMeanPrice": 85.65551, "target_delta": 0.22347536066276247}}