{"expires": 1763879056, "value": {"analyst_score": 0.6042489691392856, "recommendationMean": 2.5, "targetMeanPrice": 528.1667, "target_delta": 0.14624484569642784}}