{"expires": 1763879111, "value": {"analyst_score": 0.7110548834945798, "recommendationMean": 1.86957, "targetMeanPrice": 310.7619, "target_delta": 0.207451917472899}}