{"expires": 1763879115, "value": {"analyst_score": 0.6898892480403136, "recommendationMean": 1.86957, "targetMeanPrice": 236.1, "target_delta": 0.10162374020156775}}