{"expires": 1763879101, "value": {"analyst_score": 0.616348230982221, "recommendationMean": 2.26923, "targetMeanPrice": 283.72, "target_delta": 0.033663654911104665}}