{"expires": 1763879070, "value": {"analyst_score": 0.8086497379847283, "recommendationMean": 1.25, "targetMeanPrice": 164.40341, "target_delta": 0.2307486899236412}}