{"expires": 1763879078, "value": {"analyst_score": 0.8380793997259022, "recommendationMean": 1.36364, "targetMeanPrice": 192.1671, "target_delta": 0.4631269986295112}}