{"expires": 1763879046, "value": {"analyst_score": 0.7525599332034445, "recommendationMean": 1.65217, "targetMeanPrice": 260.2381, "target_delta": 0.25192716601722215}}