{"expires": 1763879036, "value": {"analyst_score": 0.502703543478261, "recommendationMean": 3.08889, "targetMeanPrice": 37.26639, "target_delta": 0.08018521739130438}}