{"expires": 1763879035, "value": {"analyst_score": 0.820535630367702, "recommendationMean": 1.42222, "targetMeanPrice": 1154.5363, "target_delta": 0.41934315183851106}}