{"expires": 1763879061, "value": {"analyst_score": 0.5744776253500616, "recommendationMean": 2.65217, "targetMeanPrice": 99.225, "target_delta": 0.11151562675030804}}