{"expires": 1763879063, "value": {"analyst_score": 0.7317157875116496, "recommendationMean": 2.0, "targetMeanPrice": 151.14052, "target_delta": 0.40857893755824803}}