{"expires": 1763879024, "value": {"analyst_score": 0.7260002805791897, "recommendationMean": 1.66667, "targetMeanPrice": 144.7648, "target_delta": 0.13000390289594874}}