{"expires": 1763879039, "value": {"analyst_score": 0.7092530944156592, "recommendationMean": 1.90625, "targetMeanPrice": 681.4337, "target_delta": 0.22595297207829593}}