{"expires": 1763879052, "value": {"analyst_score": 0.5715750676522846, "recommendationMean": 2.56522, "targetMeanPrice": 307.77274, "target_delta": 0.03179033826142337}}