{"expires": 1763879076, "value": {"analyst_score": 0.6339328684766533, "recommendationMean": 2.23333, "targetMeanPrice": 103.62069, "target_delta": 0.09466184238326643}}