{"expires": 1763879099, "value": {"analyst_score": 0.7470835725346001, "recommendationMean": 1.66667, "targetMeanPrice": 270.47058, "target_delta": 0.2354203626730004}}