{"expires": 1763879067, "value": {"analyst_score": 0.6074153229051515, "recommendationMean": 2.52381, "targetMeanPrice": 213.47368, "target_delta": 0.17993411452575733}}