{"expires": 1763879066, "value": {"analyst_score": 0.6100740990002438, "recommendationMean": 2.5, "targetMeanPrice": 482.01944, "target_delta": 0.1753704950012191}}