{"expires": 1763879121, "value": {"analyst_score": 0.7334482632658939, "recommendationMean": 1.71429, "targetMeanPrice": 334.1579, "target_delta": 0.2029588163294694}}