{"expires": 1763879086, "value": {"analyst_score": 0.6960669324777722, "recommendationMean": 1.86957, "targetMeanPrice": 67.50905, "target_delta": 0.13251216238886096}}