{"expires": 1763879110, "value": {"analyst_score": 0.6360997756269017, "recommendationMean": 2.15789, "targetMeanPrice": 199.94444, "target_delta": 0.048916378134508345}}