{"expires": 1763879114, "value": {"analyst_score": 0.7565763379401906, "recommendationMean": 1.34783, "targetMeanPrice": 959.1266, "target_delta": 0.0437541897009534}}