{"expires": 1763879099, "value": {"analyst_score": 0.8470002926543752, "recommendationMean": 1.0, "targetMeanPrice": 42.2, "target_delta": 0.23500146327187593}}