{"expires": 1763879008, "value": {"analyst_score": 0.6597717244663122, "recommendationMean": 2.0, "targetMeanPrice": 528.6667, "target_delta": 0.04885862233156093}}