{"expires": 1763628430, "value": {"analyst_score": 0.6608922096209924, "recommendationMean": 2.0, "targetMeanPrice": 528.6667, "target_delta": 0.054461048104962016}}