{"expires": 1763766408, "value": {"analyst_score": 0.6609940533205618, "recommendationMean": 2.0, "targetMeanPrice": 528.6667, "target_delta": 0.05497026660280968}}