{"expires": 1763879123, "value": {"analyst_score": 0.72593235, "recommendationMean": 1.86957, "targetMeanPrice": 1025.4714, "target_delta": 0.2818392499999999}}