{"expires": 1763879106, "value": {"analyst_score": 0.777630474074074, "recommendationMean": 1.625, "targetMeanPrice": 183.18182, "target_delta": 0.35690237037037026}}