{"expires": 1763879104, "value": {"analyst_score": 0.7415959042521477, "recommendationMean": 1.85714, "targetMeanPrice": 498.44443, "target_delta": 0.3508345212607388}}