{"expires": 1763879073, "value": {"analyst_score": 0.6423104468991481, "recommendationMean": 2.38889, "targetMeanPrice": 63.25, "target_delta": 0.2532197344957401}}