{"expires": 1763879123, "value": {"analyst_score": 0.5407926655289252, "recommendationMean": 2.73913, "targetMeanPrice": 202.3579, "target_delta": 0.008310827644626055}}