{"expires": 1763879097, "value": {"analyst_score": 0.7627329190842201, "recommendationMean": 1.48148, "targetMeanPrice": 4579.1304, "target_delta": 0.17477459542110066}}