{"expires": 1763879036, "value": {"analyst_score": 0.7082359027355624, "recommendationMean": 1.77778, "targetMeanPrice": 147.98611, "target_delta": 0.12451451367781158}}