{"expires": 1763879088, "value": {"analyst_score": 0.7114471891648275, "recommendationMean": 1.85714, "targetMeanPrice": 386.10526, "target_delta": 0.20009094582413814}}