{"expires": 1763879060, "value": {"analyst_score": 0.6215076672760511, "recommendationMean": 2.55172, "targetMeanPrice": 34.77083, "target_delta": 0.2713283363802558}}