{"expires": 1763879046, "value": {"analyst_score": 0.47921154257724186, "recommendationMean": 3.14286, "targetMeanPrice": 53.25, "target_delta": 0.003202712886209527}}