{"expires": 1763879086, "value": {"analyst_score": 0.5119258662369057, "recommendationMean": 3.0, "targetMeanPrice": 26.3, "target_delta": 0.05962933118452862}}