{"expires": 1763879011, "value": {"analyst_score": 0.6229825895046591, "recommendationMean": 2.16, "targetMeanPrice": 200.82375, "target_delta": -0.015087052476704345}}