{"expires": 1763731122, "value": {"analyst_score": 0.6237877086718866, "recommendationMean": 2.16, "targetMeanPrice": 200.82375, "target_delta": -0.01106145664056731}}