{"expires": 1763879092, "value": {"analyst_score": 0.7477516294483414, "recommendationMean": 1.69231, "targetMeanPrice": 489.59738, "target_delta": 0.2579906472417071}}