{"expires": 1763879071, "value": {"analyst_score": 0.5478095431913617, "recommendationMean": 2.57143, "targetMeanPrice": 61.186916, "target_delta": -0.0823797840431915}}