{"expires": 1763879100, "value": {"analyst_score": 0.680566581599442, "recommendationMean": 1.93333, "targetMeanPrice": 474.3825, "target_delta": 0.10283040799721031}}