{"expires": 1763628436, "value": {"analyst_score": 0.6798687245036714, "recommendationMean": 2.0, "targetMeanPrice": 169.04546, "target_delta": 0.1493436225183572}}