{"expires": 1763879014, "value": {"analyst_score": 0.6740199575934269, "recommendationMean": 2.0, "targetMeanPrice": 169.04546, "target_delta": 0.12009978796713494}}