{"expires": 1763766417, "value": {"analyst_score": 0.6781469194952425, "recommendationMean": 2.0, "targetMeanPrice": 169.04546, "target_delta": 0.14073459747621292}}