{"expires": 1763879024, "value": {"analyst_score": 0.6924870344177274, "recommendationMean": 1.9, "targetMeanPrice": 193.0, "target_delta": 0.1374351720886374}}