{"expires": 1763879118, "value": {"analyst_score": 0.6351195797188154, "recommendationMean": 2.2381, "targetMeanPrice": 147.65, "target_delta": 0.10417289859407723}}