{"expires": 1763879089, "value": {"analyst_score": 0.697246226208707, "recommendationMean": 1.75, "targetMeanPrice": 383.5, "target_delta": 0.04873113104353531}}