{"expires": 1763879123, "value": {"analyst_score": 0.6933328592288387, "recommendationMean": 1.94444, "targetMeanPrice": 103.0, "target_delta": 0.1749942961441935}}