{"expires": 1763879045, "value": {"analyst_score": 0.7210290833153398, "recommendationMean": 2.05128, "targetMeanPrice": 451.79294, "target_delta": 0.39360541657669884}}