{"expires": 1763628440, "value": {"analyst_score": 0.7309289612676056, "recommendationMean": 2.025, "targetMeanPrice": 452.75342, "target_delta": 0.4233948063380283}}