{"expires": 1763879005, "value": {"analyst_score": 0.6575568529227596, "recommendationMean": 2.0, "targetMeanPrice": 281.74805, "target_delta": 0.037784264613797816}}