{"expires": 1763628424, "value": {"analyst_score": 0.6591817503158164, "recommendationMean": 2.0, "targetMeanPrice": 281.74805, "target_delta": 0.045908751579082474}}