{"expires": 1763731116, "value": {"analyst_score": 0.6616417276995304, "recommendationMean": 2.0, "targetMeanPrice": 281.74805, "target_delta": 0.0582086384976525}}