{"expires": 1763879087, "value": {"analyst_score": 0.7545213221061002, "recommendationMean": 1.66667, "targetMeanPrice": 336.08334, "target_delta": 0.2726091105305012}}