{"expires": 1763766411, "value": {"analyst_score": 0.7997506277706584, "recommendationMean": 1.83721, "targetMeanPrice": 342.72113, "target_delta": 0.6266606388532917}}