{"expires": 1763628442, "value": {"analyst_score": 0.7780137873435944, "recommendationMean": 1.83721, "targetMeanPrice": 342.72113, "target_delta": 0.5179764367179714}}