{"expires": 1763879010, "value": {"analyst_score": 0.8257037669551218, "recommendationMean": 1.80952, "targetMeanPrice": 344.97955, "target_delta": 0.7356588347756089}}