{"expires": 1763879038, "value": {"analyst_score": 0.652038387929323, "recommendationMean": 2.12, "targetMeanPrice": 277.08334, "target_delta": 0.10019193964661516}}