{"expires": 1763879075, "value": {"analyst_score": 0.7595440960099751, "recommendationMean": 1.54545, "targetMeanPrice": 14.5179, "target_delta": 0.2068079800498753}}