{"expires": 1763879119, "value": {"analyst_score": 0.7442793817794526, "recommendationMean": 1.89474, "targetMeanPrice": 169.96268, "target_delta": 0.39245190889726367}}