{"expires": 1763879029, "value": {"analyst_score": 0.7380001201462715, "recommendationMean": 1.69697, "targetMeanPrice": 804.22064, "target_delta": 0.21272810073135795}}