{"expires": 1763766422, "value": {"analyst_score": 0.6690845524920467, "recommendationMean": 2.03846, "targetMeanPrice": 84.81476, "target_delta": 0.12426776246023342}}