{"expires": 1763879017, "value": {"analyst_score": 0.6671344428383705, "recommendationMean": 2.03846, "targetMeanPrice": 84.81476, "target_delta": 0.114517214191853}}