{"expires": 1763628443, "value": {"analyst_score": 0.6600171849637451, "recommendationMean": 2.03846, "targetMeanPrice": 84.81476, "target_delta": 0.07893092481872545}}