{"expires": 1763879075, "value": {"analyst_score": 0.6821907523510972, "recommendationMean": 2.0, "targetMeanPrice": 14.81377, "target_delta": 0.1609537617554859}}