{"expires": 1763879106, "value": {"analyst_score": 0.6880547865085249, "recommendationMean": 1.95238, "targetMeanPrice": 31.15, "target_delta": 0.1545589325426241}}