{"expires": 1763879091, "value": {"analyst_score": 0.6702653839718186, "recommendationMean": 2.04762, "targetMeanPrice": 129.11111, "target_delta": 0.13704191985909292}}