{"expires": 1763879122, "value": {"analyst_score": 0.6856177795698926, "recommendationMean": 1.91667, "targetMeanPrice": 13.4875, "target_delta": 0.11559139784946244}}