{"expires": 1763879110, "value": {"analyst_score": 0.6383317220543807, "recommendationMean": 2.04, "targetMeanPrice": 22.51333, "target_delta": -0.028341389728096755}}