{"expires": 1763879033, "value": {"analyst_score": 0.6367855174630124, "recommendationMean": 2.29167, "targetMeanPrice": 47.525, "target_delta": 0.1526800873150619}}