{"expires": 1763879079, "value": {"analyst_score": 0.7278157366268093, "recommendationMean": 1.66667, "targetMeanPrice": 18.1, "target_delta": 0.13908118313404663}}