{"expires": 1763879072, "value": {"analyst_score": 0.6618402420574886, "recommendationMean": 2.0, "targetMeanPrice": 7.00132, "target_delta": 0.059201210287443184}}