{"expires": 1763879095, "value": {"analyst_score": 0.7214038315041963, "recommendationMean": 1.7619, "targetMeanPrice": 91.2705, "target_delta": 0.17844415752098122}}