{"expires": 1763879092, "value": {"analyst_score": 0.6086903814108174, "recommendationMean": 2.56818, "targetMeanPrice": 139.35, "target_delta": 0.21958690705408707}}