{"expires": 1763879081, "value": {"analyst_score": 0.6972700501355014, "recommendationMean": 1.71429, "targetMeanPrice": 7.54286, "target_delta": 0.022067750677506805}}