{"expires": 1763766413, "value": {"analyst_score": 0.6722937665068642, "recommendationMean": 1.93333, "targetMeanPrice": 243.55345, "target_delta": 0.061466332534321245}}