{"expires": 1763879012, "value": {"analyst_score": 0.6661571361943457, "recommendationMean": 1.93333, "targetMeanPrice": 243.55345, "target_delta": 0.030783180971728445}}