{"expires": 1763766414, "value": {"analyst_score": 0.6967481315338824, "recommendationMean": 1.73684, "targetMeanPrice": 1016.72107, "target_delta": 0.036370657669412144}}