{"expires": 1763879013, "value": {"analyst_score": 0.7000054255563487, "recommendationMean": 1.73684, "targetMeanPrice": 1017.4668, "target_delta": 0.052657127781743675}}