{"expires": 1763879122, "value": {"analyst_score": 0.5071672872174591, "recommendationMean": 2.90909, "targetMeanPrice": 12.415, "target_delta": -0.03234606391270467}}