{"expires": 1763766422, "value": {"analyst_score": 0.6577023220344622, "recommendationMean": 2.14815, "targetMeanPrice": 172.8, "target_delta": 0.14962411017231061}}