{"expires": 1763879017, "value": {"analyst_score": 0.6582082240965463, "recommendationMean": 2.14815, "targetMeanPrice": 172.8, "target_delta": 0.15215362048273118}}