{"expires": 1763879065, "value": {"analyst_score": 0.7405987445801893, "recommendationMean": 1.71429, "targetMeanPrice": 103.42, "target_delta": 0.23871122290094632}}