{"expires": 1763879088, "value": {"analyst_score": 0.4687847092464785, "recommendationMean": 3.27778, "targetMeanPrice": 260.7181, "target_delta": 0.05225854623239287}}