{"expires": 1763879048, "value": {"analyst_score": 0.723304131492619, "recommendationMean": 1.81481, "targetMeanPrice": 224.53319, "target_delta": 0.2276281574630945}}