{"expires": 1763879121, "value": {"analyst_score": 0.735525176828498, "recommendationMean": 1.70833, "targetMeanPrice": 287.09534, "target_delta": 0.20887338414249026}}