{"expires": 1763879105, "value": {"analyst_score": 0.6906687054054055, "recommendationMean": 1.82353, "targetMeanPrice": 99.06667, "target_delta": 0.07099102702702705}}