{"expires": 1763879069, "value": {"analyst_score": 0.6824158809548628, "recommendationMean": 1.95652, "targetMeanPrice": 541.75, "target_delta": 0.12946940477431465}}