{"expires": 1763879022, "value": {"analyst_score": 0.6605651186579378, "recommendationMean": 2.0, "targetMeanPrice": 102.92423, "target_delta": 0.05282559328968892}}