{"expires": 1763879019, "value": {"analyst_score": 0.6367458845538942, "recommendationMean": 2.17857, "targetMeanPrice": 587.6704, "target_delta": 0.06765692276947119}}