{"expires": 1763766427, "value": {"analyst_score": 0.6384271416787212, "recommendationMean": 2.17857, "targetMeanPrice": 587.6704, "target_delta": 0.07606320839360588}}