{"expires": 1763879093, "value": {"analyst_score": 0.637907541958042, "recommendationMean": 2.07692, "targetMeanPrice": 22.81657, "target_delta": -0.002772290209790224}}