{"expires": 1763879109, "value": {"analyst_score": 0.706355628809753, "recommendationMean": 1.7931, "targetMeanPrice": 491.62708, "target_delta": 0.1266031440487648}}