{"expires": 1763879082, "value": {"analyst_score": 0.7521443777194434, "recommendationMean": 1.56, "targetMeanPrice": 328.34695, "target_delta": 0.1807218885972168}}