{"expires": 1763879038, "value": {"analyst_score": 0.6980018679722046, "recommendationMean": 1.72414, "targetMeanPrice": 130.8336, "target_delta": 0.03311433986102329}}