{"expires": 1763879113, "value": {"analyst_score": 0.6864476494252874, "recommendationMean": 1.78947, "targetMeanPrice": 178.23529, "target_delta": 0.024340747126436735}}