{"expires": 1763879094, "value": {"analyst_score": 0.7138833840841616, "recommendationMean": 2.04167, "targetMeanPrice": 418.54544, "target_delta": 0.350669420420808}}