{"expires": 1763879069, "value": {"analyst_score": 0.5139210095733268, "recommendationMean": 2.85714, "targetMeanPrice": 116.621284, "target_delta": -0.03753995213336633}}