{"expires": 1763879111, "value": {"analyst_score": 0.7238389026837222, "recommendationMean": 1.7619, "targetMeanPrice": 47.47, "target_delta": 0.19061951341861053}}