{"expires": 1763879064, "value": {"analyst_score": 0.5017675354948082, "recommendationMean": 3.0, "targetMeanPrice": 47.60705, "target_delta": 0.00883767747404118}}