{"expires": 1763879042, "value": {"analyst_score": 0.687800930105629, "recommendationMean": 1.96774, "targetMeanPrice": 428.96445, "target_delta": 0.16480965052814517}}