{"expires": 1763879080, "value": {"analyst_score": 0.5184820459055678, "recommendationMean": null, "targetMeanPrice": 291.75, "target_delta": 0.09241022952783917}}