{"expires": 1763879095, "value": {"analyst_score": 0.6495032733541874, "recommendationMean": 2.07143, "targetMeanPrice": 73.92308, "target_delta": 0.05108886677093702}}