{"expires": 1763879115, "value": {"analyst_score": 0.6082239726598703, "recommendationMean": 2.17391, "targetMeanPrice": 49.71775, "target_delta": -0.07844763670064875}}