{"expires": 1763879067, "value": {"analyst_score": 0.6669704210244511, "recommendationMean": 1.94118, "targetMeanPrice": 174.9375, "target_delta": 0.040737105122255916}}