{"expires": 1763879068, "value": {"analyst_score": 0.7641950058278832, "recommendationMean": 1.5625, "targetMeanPrice": 191.93333, "target_delta": 0.24285002913941595}}