{"expires": 1763879042, "value": {"analyst_score": 0.6178179520766773, "recommendationMean": 2.42308, "targetMeanPrice": 28.95625, "target_delta": 0.15639976038338665}}