{"expires": 1763879119, "value": {"analyst_score": 0.6361706606498194, "recommendationMean": 2.09524, "targetMeanPrice": 44.421196, "target_delta": 0.0022833032490975095}}