{"expires": 1763766413, "value": {"analyst_score": 0.7293457474685341, "recommendationMean": 1.83673, "targetMeanPrice": 134.65277, "target_delta": 0.2742762373426706}}