{"expires": 1763879012, "value": {"analyst_score": 0.7326685653820343, "recommendationMean": 1.83673, "targetMeanPrice": 134.65277, "target_delta": 0.29089032691017164}}