{"expires": 1763879034, "value": {"analyst_score": 0.8020691300790836, "recommendationMean": 1.25, "targetMeanPrice": 43.925, "target_delta": 0.19784565039541846}}