{"expires": 1763879043, "value": {"analyst_score": 0.6745669900813256, "recommendationMean": 2.20513, "targetMeanPrice": 167.97311, "target_delta": 0.27668245040662764}}