{"expires": 1763879099, "value": {"analyst_score": 0.6084239933796756, "recommendationMean": 2.36364, "targetMeanPrice": 128.67647, "target_delta": 0.06484996689837795}}