{"expires": 1763879040, "value": {"analyst_score": 0.7710681456953643, "recommendationMean": 1.4, "targetMeanPrice": 69.78258, "target_delta": 0.15534072847682115}}