{"expires": 1763879028, "value": {"analyst_score": 0.6960483308525034, "recommendationMean": 1.94231, "targetMeanPrice": 175.43478, "target_delta": 0.18697415426251676}}