{"expires": 1763879049, "value": {"analyst_score": 0.7343384824715864, "recommendationMean": 1.75, "targetMeanPrice": 77.1, "target_delta": 0.23419241235793173}}