{"expires": 1763879027, "value": {"analyst_score": 0.6611628710314987, "recommendationMean": 2.0, "targetMeanPrice": 592.9559, "target_delta": 0.05581435515749368}}