{"expires": 1763879112, "value": {"analyst_score": 0.6387074309065491, "recommendationMean": 2.3, "targetMeanPrice": 108.66227, "target_delta": 0.1685371545327456}}