{"expires": 1763766421, "value": {"analyst_score": 0.7347457745400927, "recommendationMean": 1.58333, "targetMeanPrice": 79.13043, "target_delta": 0.11122637270046357}}