{"expires": 1763879016, "value": {"analyst_score": 0.7294447906100068, "recommendationMean": 1.58333, "targetMeanPrice": 79.13043, "target_delta": 0.08472145305003428}}