{"expires": 1763628438, "value": {"analyst_score": 0.7349782186106534, "recommendationMean": 1.58333, "targetMeanPrice": 79.13043, "target_delta": 0.11238859305326739}}