{"expires": 1763879118, "value": {"analyst_score": 0.7857079882564244, "recommendationMean": 1.43333, "targetMeanPrice": 45.36552, "target_delta": 0.25353744128212213}}