{"expires": 1763879007, "value": {"analyst_score": 0.7885667075249853, "recommendationMean": 1.29787, "targetMeanPrice": 396.7535, "target_delta": 0.16623603762492647}}