{"expires": 1763766407, "value": {"analyst_score": 0.7860765929588835, "recommendationMean": 1.28261, "targetMeanPrice": 396.18652, "target_delta": 0.1423404647944178}}