{"expires": 1763879015, "value": {"analyst_score": 0.7948109415055451, "recommendationMean": 1.54902, "targetMeanPrice": 282.40234, "target_delta": 0.3858197075277259}}