{"expires": 1763766418, "value": {"analyst_score": 0.7863158671002815, "recommendationMean": 1.54902, "targetMeanPrice": 276.7558, "target_delta": 0.3433443355014077}}