{"expires": 1763879045, "value": {"analyst_score": 0.7033106005216161, "recommendationMean": 1.84615, "targetMeanPrice": 260.41666, "target_delta": 0.15116550260808054}}