{"expires": 1763628428, "value": {"analyst_score": 0.8005703611670021, "recommendationMean": 1.34375, "targetMeanPrice": 234.95631, "target_delta": 0.26066430583501005}}