{"expires": 1763879005, "value": {"analyst_score": 0.827971441413238, "recommendationMean": 1.32308, "targetMeanPrice": 247.24207, "target_delta": 0.38216720706618973}}