{"expires": 1763731121, "value": {"analyst_score": 0.8211528232949514, "recommendationMean": 1.34375, "targetMeanPrice": 246.31648, "target_delta": 0.3635766164747566}}