{"expires": 1763879022, "value": {"analyst_score": 0.7219456527592133, "recommendationMean": 1.93103, "targetMeanPrice": 274.0, "target_delta": 0.3080007637960665}}