{"expires": 1763879081, "value": {"analyst_score": 0.5905370425188374, "recommendationMean": 2.61905, "targetMeanPrice": 216.82353, "target_delta": 0.16697271259418725}}