{"expires": 1763766424, "value": {"analyst_score": 0.590530341113106, "recommendationMean": null, "targetMeanPrice": 339.83334, "target_delta": 0.45265170556552975}}