{"expires": 1763879019, "value": {"analyst_score": 0.5871426615969582, "recommendationMean": null, "targetMeanPrice": 339.83334, "target_delta": 0.435713307984791}}