{"expires": 1763879055, "value": {"analyst_score": 0.5186916568742655, "recommendationMean": null, "targetMeanPrice": 18.61066, "target_delta": 0.09345828437132783}}