{"expires": 1763879113, "value": {"analyst_score": 0.6567711073964009, "recommendationMean": 2.45455, "targetMeanPrice": 83.2697, "target_delta": 0.3747680369820043}}