{"expires": 1763879093, "value": {"analyst_score": 0.731492035112006, "recommendationMean": 1.69231, "targetMeanPrice": 93.5, "target_delta": 0.1766926755600303}}