{"expires": 1763879042, "value": {"analyst_score": 0.8125828245251858, "recommendationMean": 1.32353, "targetMeanPrice": 126.48281, "target_delta": 0.30556162262592906}}