{"expires": 1763879062, "value": {"analyst_score": 0.57509994844475, "recommendationMean": 2.6, "targetMeanPrice": 62.58333, "target_delta": 0.07549974222374976}}