{"expires": 1763879097, "value": {"analyst_score": 0.6048323158240037, "recommendationMean": 2.3913, "targetMeanPrice": 504.46896, "target_delta": 0.06763657912001861}}