{"expires": 1763879026, "value": {"analyst_score": 0.6843227614840989, "recommendationMean": 1.73333, "targetMeanPrice": 145.73198, "target_delta": -0.028388692579505406}}