{"expires": 1763879089, "value": {"analyst_score": 0.5872282005649717, "recommendationMean": 2.46667, "targetMeanPrice": 18.33974, "target_delta": 0.036143502824858745}}