{"expires": 1763731116, "value": {"analyst_score": 0.8225152158194008, "recommendationMean": 1.41176, "targetMeanPrice": 837.4155, "target_delta": 0.4213960790970041}}