{"expires": 1763879007, "value": {"analyst_score": 0.8200754615061001, "recommendationMean": 1.41176, "targetMeanPrice": 837.4155, "target_delta": 0.40919730753050054}}