{"expires": 1763628429, "value": {"analyst_score": 0.8247240830779707, "recommendationMean": 1.41176, "targetMeanPrice": 841.4155, "target_delta": 0.43244041538985356}}