{"expires": 1763879016, "value": {"analyst_score": 0.7564638131088227, "recommendationMean": 1.52941, "targetMeanPrice": 339.0, "target_delta": 0.17937656554411358}}