{"expires": 1763766420, "value": {"analyst_score": 0.7538828362466451, "recommendationMean": 1.52941, "targetMeanPrice": 339.0, "target_delta": 0.1664716812332255}}