{"expires": 1763879041, "value": {"analyst_score": 0.5378384818067754, "recommendationMean": null, "targetMeanPrice": 189.55727, "target_delta": 0.18919240903387693}}