{"expires": 1763879010, "value": {"analyst_score": 0.750521580584182, "recommendationMean": 1.6, "targetMeanPrice": 394.43134, "target_delta": 0.2026079029209097}}