{"expires": 1763731122, "value": {"analyst_score": 0.7536490965809062, "recommendationMean": 1.6, "targetMeanPrice": 394.43134, "target_delta": 0.218245482904531}}