{"expires": 1763628433, "value": {"analyst_score": 0.7542673660514537, "recommendationMean": 1.6, "targetMeanPrice": 394.43134, "target_delta": 0.22133683025726855}}