{"expires": 1763879037, "value": {"analyst_score": 0.7524061858000706, "recommendationMean": 1.70732, "targetMeanPrice": 146.36507, "target_delta": 0.2925209290003533}}