{"expires": 1763879072, "value": {"analyst_score": 0.7561781995142725, "recommendationMean": 1.65217, "targetMeanPrice": 381.74216, "target_delta": 0.27001849757136215}}