{"expires": 1763879104, "value": {"analyst_score": 0.5084701247537754, "recommendationMean": null, "targetMeanPrice": 15.875, "target_delta": 0.04235062376887719}}