{"expires": 1763879060, "value": {"analyst_score": 0.8287012970929102, "recommendationMean": 1.42308, "targetMeanPrice": 2851.1924, "target_delta": 0.4608164854645503}}