{"expires": 1763879053, "value": {"analyst_score": 0.7229511019283746, "recommendationMean": 1.75, "targetMeanPrice": 273.5, "target_delta": 0.1772555096418733}}