{"expires": 1763879052, "value": {"analyst_score": 0.520031433061866, "recommendationMean": null, "targetMeanPrice": 77.0, "target_delta": 0.10015716530932998}}