{"expires": 1763879089, "value": {"analyst_score": 0.5078214971209213, "recommendationMean": null, "targetMeanPrice": 21.655, "target_delta": 0.039107485604606584}}