{"expires": 1763879092, "value": {"analyst_score": 0.617652567074503, "recommendationMean": 2.28571, "targetMeanPrice": 192.7, "target_delta": 0.052545335372514615}}