{"expires": 1763879061, "value": {"analyst_score": 0.574347399209052, "recommendationMean": 2.5625, "targetMeanPrice": 285.0, "target_delta": 0.0436119960452599}}