{"expires": 1763879062, "value": {"analyst_score": 0.6163373078500294, "recommendationMean": 2.36111, "targetMeanPrice": 94.1, "target_delta": 0.10251903925014647}}