{"expires": 1763879044, "value": {"analyst_score": 0.6268504690641918, "recommendationMean": 2.27273, "targetMeanPrice": 70.39091, "target_delta": 0.088799845320959}}