{"expires": 1763879031, "value": {"analyst_score": 0.7707331251681852, "recommendationMean": 1.7037, "targetMeanPrice": 718.7083, "target_delta": 0.38144062584092575}}