{"expires": 1763879083, "value": {"analyst_score": 0.6542824069811144, "recommendationMean": 2.11765, "targetMeanPrice": 118.1, "target_delta": 0.10964953490557161}}