{"expires": 1763879051, "value": {"analyst_score": 0.7405850515841057, "recommendationMean": 1.76923, "targetMeanPrice": 746.93195, "target_delta": 0.2798477579205291}}