{"expires": 1763879011, "value": {"analyst_score": 0.6309948401093269, "recommendationMean": 2.25926, "targetMeanPrice": 128.72, "target_delta": 0.09941920054663479}}