{"expires": 1763766411, "value": {"analyst_score": 0.6311075817808922, "recommendationMean": 2.25926, "targetMeanPrice": 128.72, "target_delta": 0.09998290890446081}}