{"expires": 1763879060, "value": {"analyst_score": 0.748759420287069, "recommendationMean": 1.57143, "targetMeanPrice": 91.48, "target_delta": 0.1723696014353454}}