{"expires": 1763879034, "value": {"analyst_score": 0.8130330879775675, "recommendationMean": 1.2, "targetMeanPrice": 34.66867, "target_delta": 0.21516543988783726}}