{"expires": 1763879119, "value": {"analyst_score": 0.6772930066301528, "recommendationMean": 1.9, "targetMeanPrice": 184.11111, "target_delta": 0.06146503315076396}}