{"expires": 1763879054, "value": {"analyst_score": 0.6570819847250509, "recommendationMean": 1.91667, "targetMeanPrice": 477.7, "target_delta": -0.02708757637474544}}