{"expires": 1763879035, "value": {"analyst_score": 0.7746936751813308, "recommendationMean": 1.58824, "targetMeanPrice": 1334.0, "target_delta": 0.314648375906654}}