{"expires": 1763879110, "value": {"analyst_score": 0.48242621888598786, "recommendationMean": 3.16667, "targetMeanPrice": 23.83333, "target_delta": 0.03713359442993906}}